{
    "music_volume": 0.7766666666666666,
    "sound_volume": 0.4633333333333333,
    "screen_shake": true,
    "particles": true,
    "fullscreen": false,
    "controls": {
        "up": 1073741906,
        "down": 1073741905,
        "left": 1073741904,
        "right": 1073741903,
        "pause": 112,
        "reset": 114
    }
}