{
    "level_times": {
        "1": 5.105736494064331,
        "2": 2.131237030029297,
        "3": 11.646449327468872,
        "4": 14.78695034980774,
        "5": 13.635219812393188
    },
    "level_scores": {
        "1": 150,
        "2": 550,
        "3": 500,
        "4": 900,
        "5": 1400
    },
    "level_stars": {
        "1": 0,
        "2": 1
    },
    "total_stars": 1
}